userid,topic,title,article
1,travel,"I went traveling!","Lorem ipsum dolor sit amet, consectetur adipiscing elit. Integer hendrerit leo et arcu accumsan, at finibus neque cursus. Etiam vehicula pharetra magna, quis gravida eros vestibulum et. Cras non porta quam. Mauris tincidunt ligula vel dolor iaculis, in feugiat ex ultricies. Sed pretium lorem magna, id semper sem tristique id. Nullam eu efficitur dui. Curabitur eros leo, ultricies ut dolor in, ornare imperdiet metus. Sed rutrum velit quis quam molestie, nec maximus arcu posuere."
2,travel,"Traveling to the moon?","Lorem ipsum dolor sit amet, consectetur adipiscing elit. Integer hendrerit leo et arcu accumsan, at finibus neque cursus. Etiam vehicula pharetra magna, quis gravida eros vestibulum et. Cras non porta quam. Mauris tincidunt ligula vel dolor iaculis, in feugiat ex ultricies. Sed pretium lorem magna, id semper sem tristique id. Nullam eu efficitur dui. Curabitur eros leo, ultricies ut dolor in, ornare imperdiet metus. Sed rutrum velit quis quam molestie, nec maximus arcu posuere."
3,technology,"New camera alert!","Lorem ipsum dolor sit amet, consectetur adipiscing elit. Integer hendrerit leo et arcu accumsan, at finibus neque cursus. Etiam vehicula pharetra magna, quis gravida eros vestibulum et. Cras non porta quam. Mauris tincidunt ligula vel dolor iaculis, in feugiat ex ultricies. Sed pretium lorem magna, id semper sem tristique id. Nullam eu efficitur dui. Curabitur eros leo, ultricies ut dolor in, ornare imperdiet metus. Sed rutrum velit quis quam molestie, nec maximus arcu posuere."
4,sports,"Who will win the CL this year?","Lorem ipsum dolor sit amet, consectetur adipiscing elit. Integer hendrerit leo et arcu accumsan, at finibus neque cursus. Etiam vehicula pharetra magna, quis gravida eros vestibulum et. Cras non porta quam. Mauris tincidunt ligula vel dolor iaculis, in feugiat ex ultricies. Sed pretium lorem magna, id semper sem tristique id. Nullam eu efficitur dui. Curabitur eros leo, ultricies ut dolor in, ornare imperdiet metus. Sed rutrum velit quis quam molestie, nec maximus arcu posuere."
5,sports,"Best active UFC fighter?","Lorem ipsum dolor sit amet, consectetur adipiscing elit. Integer hendrerit leo et arcu accumsan, at finibus neque cursus. Etiam vehicula pharetra magna, quis gravida eros vestibulum et. Cras non porta quam. Mauris tincidunt ligula vel dolor iaculis, in feugiat ex ultricies. Sed pretium lorem magna, id semper sem tristique id. Nullam eu efficitur dui. Curabitur eros leo, ultricies ut dolor in, ornare imperdiet metus. Sed rutrum velit quis quam molestie, nec maximus arcu posuere."
6,cooking,"My new pizza recipe","Lorem ipsum dolor sit amet, consectetur adipiscing elit. Integer hendrerit leo et arcu accumsan, at finibus neque cursus. Etiam vehicula pharetra magna, quis gravida eros vestibulum et. Cras non porta quam. Mauris tincidunt ligula vel dolor iaculis, in feugiat ex ultricies. Sed pretium lorem magna, id semper sem tristique id. Nullam eu efficitur dui. Curabitur eros leo, ultricies ut dolor in, ornare imperdiet metus. Sed rutrum velit quis quam molestie, nec maximus arcu posuere."
7,reading,"Just finished the last Harry Potter, what now?","Lorem ipsum dolor sit amet, consectetur adipiscing elit. Integer hendrerit leo et arcu accumsan, at finibus neque cursus. Etiam vehicula pharetra magna, quis gravida eros vestibulum et. Cras non porta quam. Mauris tincidunt ligula vel dolor iaculis, in feugiat ex ultricies. Sed pretium lorem magna, id semper sem tristique id. Nullam eu efficitur dui. Curabitur eros leo, ultricies ut dolor in, ornare imperdiet metus. Sed rutrum velit quis quam molestie, nec maximus arcu posuere."
8,entertainment,"New Circus in town any review","Lorem ipsum dolor sit amet, consectetur adipiscing elit. Integer hendrerit leo et arcu accumsan, at finibus neque cursus. Etiam vehicula pharetra magna, quis gravida eros vestibulum et. Cras non porta quam. Mauris tincidunt ligula vel dolor iaculis, in feugiat ex ultricies. Sed pretium lorem magna, id semper sem tristique id. Nullam eu efficitur dui. Curabitur eros leo, ultricies ut dolor in, ornare imperdiet metus. Sed rutrum velit quis quam molestie, nec maximus arcu posuere."
9,"video games","COD hacks","Lorem ipsum dolor sit amet, consectetur adipiscing elit. Integer hendrerit leo et arcu accumsan, at finibus neque cursus. Etiam vehicula pharetra magna, quis gravida eros vestibulum et. Cras non porta quam. Mauris tincidunt ligula vel dolor iaculis, in feugiat ex ultricies. Sed pretium lorem magna, id semper sem tristique id. Nullam eu efficitur dui. Curabitur eros leo, ultricies ut dolor in, ornare imperdiet metus. Sed rutrum velit quis quam molestie, nec maximus arcu posuere."
10,sports,"LFC with and without Gomez","Lorem ipsum dolor sit amet, consectetur adipiscing elit. Integer hendrerit leo et arcu accumsan, at finibus neque cursus. Etiam vehicula pharetra magna, quis gravida eros vestibulum et. Cras non porta quam. Mauris tincidunt ligula vel dolor iaculis, in feugiat ex ultricies. Sed pretium lorem magna, id semper sem tristique id. Nullam eu efficitur dui. Curabitur eros leo, ultricies ut dolor in, ornare imperdiet metus. Sed rutrum velit quis quam molestie, nec maximus arcu posuere."
11,sports,"Lebron to win again?","Lorem ipsum dolor sit amet, consectetur adipiscing elit. Integer hendrerit leo et arcu accumsan, at finibus neque cursus. Etiam vehicula pharetra magna, quis gravida eros vestibulum et. Cras non porta quam. Mauris tincidunt ligula vel dolor iaculis, in feugiat ex ultricies. Sed pretium lorem magna, id semper sem tristique id. Nullam eu efficitur dui. Curabitur eros leo, ultricies ut dolor in, ornare imperdiet metus. Sed rutrum velit quis quam molestie, nec maximus arcu posuere."
12,sports,"The Beard completes move to Nets","Lorem ipsum dolor sit amet, consectetur adipiscing elit. Integer hendrerit leo et arcu accumsan, at finibus neque cursus. Etiam vehicula pharetra magna, quis gravida eros vestibulum et. Cras non porta quam. Mauris tincidunt ligula vel dolor iaculis, in feugiat ex ultricies. Sed pretium lorem magna, id semper sem tristique id. Nullam eu efficitur dui. Curabitur eros leo, ultricies ut dolor in, ornare imperdiet metus. Sed rutrum velit quis quam molestie, nec maximus arcu posuere."
13,travel,"Traveling post corona part 1","Lorem ipsum dolor sit amet, consectetur adipiscing elit. Integer hendrerit leo et arcu accumsan, at finibus neque cursus. Etiam vehicula pharetra magna, quis gravida eros vestibulum et. Cras non porta quam. Mauris tincidunt ligula vel dolor iaculis, in feugiat ex ultricies. Sed pretium lorem magna, id semper sem tristique id. Nullam eu efficitur dui. Curabitur eros leo, ultricies ut dolor in, ornare imperdiet metus. Sed rutrum velit quis quam molestie, nec maximus arcu posuere."
13,travel,"Traveling post corona part 2","Lorem ipsum dolor sit amet, consectetur adipiscing elit. Integer hendrerit leo et arcu accumsan, at finibus neque cursus. Etiam vehicula pharetra magna, quis gravida eros vestibulum et. Cras non porta quam. Mauris tincidunt ligula vel dolor iaculis, in feugiat ex ultricies. Sed pretium lorem magna, id semper sem tristique id. Nullam eu efficitur dui. Curabitur eros leo, ultricies ut dolor in, ornare imperdiet metus. Sed rutrum velit quis quam molestie, nec maximus arcu posuere."