userid,articleid,title,comment
1,5,"Disagree!!","Aliquam hendrerit sem volutpat, ullamcorper turpis nec, lacinia lacus. Fusce euismod velit sit amet nulla molestie, ut convallis sem congue."
1,9,"Hate Hackers!","Aliquam hendrerit sem volutpat, ullamcorper turpis nec, lacinia lacus. Fusce euismod velit sit amet nulla molestie, ut convallis sem congue."
2,1,"Awesome!","Aliquam hendrerit sem volutpat, ullamcorper turpis nec, lacinia lacus. Fusce euismod velit sit amet nulla molestie, ut convallis sem congue."
3,2,"Great read!","Aliquam hendrerit sem volutpat, ullamcorper turpis nec, lacinia lacus. Fusce euismod velit sit amet nulla molestie, ut convallis sem congue."
10,12,"Finally","Aliquam hendrerit sem volutpat, ullamcorper turpis nec, lacinia lacus. Fusce euismod velit sit amet nulla molestie, ut convallis sem congue."
12,12,"Finally season can start","Aliquam hendrerit sem volutpat, ullamcorper turpis nec, lacinia lacus. Fusce euismod velit sit amet nulla molestie, ut convallis sem congue."
14,13,"Exellent","Aliquam hendrerit sem volutpat, ullamcorper turpis nec, lacinia lacus. Fusce euismod velit sit amet nulla molestie, ut convallis sem congue."
5,5,"Agreed","Aliquam hendrerit sem volutpat, ullamcorper turpis nec, lacinia lacus. Fusce euismod velit sit amet nulla molestie, ut convallis sem congue."
9,2,"YESSSSIR","Aliquam hendrerit sem volutpat, ullamcorper turpis nec, lacinia lacus. Fusce euismod velit sit amet nulla molestie, ut convallis sem congue."
3,4,"please stop","Aliquam hendrerit sem volutpat, ullamcorper turpis nec, lacinia lacus. Fusce euismod velit sit amet nulla molestie, ut convallis sem congue."